0,0,1,0,511,-8
0,0,1,0,511,-8
0,0,1,0,511,-8
0,0,1,0,510,-8
0,0,1,0,511,-8
0,0,1,0,511,-8
0,0,1,0,511,-8
0,0,1,0,511,-8
0,0,1,0,511,-8
0,0,1,0,510,-8
0,0,1,0,510,-8
0,0,1,0,511,-8
0,0,1,0,510,-8
0,0,1,0,511,-8
0,0,1,0,511,-8
0,0,1,0,511,-8
0,0,1,0,511,-8
0,0,1,0,511,-8
0,0,1,0,511,-8
0,0,1,0,511,-8
0,0,1,0,511,-8
0,0,1,0,510,-8
0,0,1,0,511,-8
0,0,1,0,511,-8
0,0,1,0,510,-8
0,0,1,0,510,-8
0,0,1,0,511,-8
0,0,1,0,511,-8
0,0,1,0,511,-8
0,0,1,0,510,-8
0,0,1,0,510,-8
0,0,1,0,510,-8
0,0,1,0,510,-8
0,0,1,0,510,-8
0,0,1,0,510,-8
0,0,1,0,510,-8
0,0,1,0,510,-8
0,0,1,0,511,-8
0,0,1,0,511,-8
0,0,1,0,510,-8
0,0,1,0,510,-8
0,0,1,0,511,-8
0,0,1,0,511,-8
0,0,1,0,511,-8
0,0,1,0,511,-8
0,0,1,0,511,-8
0,0,1,0,511,-8
0,0,1,0,511,-8
0,0,1,0,511,-8
0,0,1,0,511,-8
0,0,1,0,511,-8
0,0,1,0,510,-8
0,0,1,0,510,-8
0,0,1,0,510,-8
0,0,1,0,511,-8
0,0,1,0,510,-8
0,0,1,0,510,-8
0,0,1,0,510,-8
0,0,1,0,511,-8
0,0,1,0,511,-8
0,0,1,0,511,-8
0,0,1,0,511,-8
0,0,1,0,511,-8
0,0,1,0,511,-8
0,0,1,0,511,-8
0,0,1,0,511,-8
0,0,1,0,511,-8
0,0,1,0,510,-8
0,0,1,0,511,-8
0,0,1,0,511,-8
0,0,1,0,511,-8
0,0,1,0,511,-8
0,0,1,0,510,-8
0,0,1,0,511,-8
0,0,1,0,511,-8
0,0,1,0,511,-8
0,0,1,0,511,-8
0,0,1,0,510,-8
0,0,1,0,511,-8
0,0,1,0,511,-8
0,0,1,0,511,-8
0,0,1,0,511,-8
0,0,1,0,511,-8
0,0,1,0,511,-8
0,0,1,0,510,-8
0,0,1,0,510,-8
0,0,1,0,510,-8
0,0,1,0,511,-8
0,0,1,0,511,-8
0,0,1,0,511,-8
0,0,1,0,511,-8
0,0,1,0,510,-8
0,0,1,0,510,-8
0,0,1,0,511,-8
0,0,1,0,511,-8
0,0,1,0,510,-8
0,0,1,0,510,-8
0,0,1,0,511,-8
0,0,1,0,510,-8
0,0,1,0,510,-8
0,0,1,0,510,-8
0,0,1,0,511,-8
0,0,1,0,510,-8
0,0,1,0,510,-8
0,0,1,0,511,-8
0,0,1,0,511,-8
0,0,1,0,511,-8
0,0,1,0,510,-8
0,0,1,0,510,-8
0,0,1,0,511,-8
0,0,1,0,510,-8
0,0,1,0,511,-8
0,0,1,0,510,-8
0,0,1,0,511,-8
0,0,1,0,511,-8
0,0,1,0,511,-8
0,0,1,0,511,-8
0,0,1,0,511,-8
0,0,1,0,511,-8
0,0,1,0,511,-8
0,0,1,0,511,-8
0,0,1,0,511,-8
0,0,1,0,511,-8
0,0,1,0,510,-8
0,0,1,0,510,-8
0,0,1,0,510,-8
0,0,1,0,511,-8
0,0,1,0,510,-8
0,0,1,0,511,-8
0,0,1,0,511,-8
0,0,1,0,510,-8
0,0,1,0,511,-8
0,0,1,0,511,-8
0,0,1,0,511,-8
0,0,1,0,510,-8
0,0,1,0,510,-8
0,0,1,0,511,-8
0,0,1,0,511,-8
0,0,1,0,510,-8
0,0,1,0,510,-8
0,0,1,0,511,-8
0,0,1,0,511,-8
0,0,1,0,511,-8
0,0,1,0,511,-8
0,0,1,0,511,-8
0,0,1,0,511,-8
0,0,1,0,510,-8
0,0,1,0,511,-8
0,0,1,0,511,-8
0,0,1,0,511,-8
0,0,1,0,511,-8
0,0,1,0,511,-8
0,0,1,0,511,-8
0,0,1,0,511,-8
0,0,1,0,511,-8
0,0,1,0,511,-8
0,0,1,0,510,-8
0,0,1,0,511,-8
0,0,1,0,511,-8
0,0,1,0,511,-8
0,0,1,0,511,-8
0,0,1,0,511,-8
0,0,1,0,511,-8
0,0,1,0,511,-8
0,0,1,0,510,-8
0,0,1,0,510,-8
0,0,1,0,511,-8
0,0,1,0,511,-8
0,0,1,0,510,-8
0,0,1,0,511,-8
0,0,1,0,510,-8
0,0,1,0,511,-8
0,0,1,0,511,-8
0,0,1,0,511,-8
0,0,1,0,511,-8
0,0,1,0,511,-8
0,0,1,0,510,-8
0,0,1,0,510,-8
0,0,1,0,510,-8
0,0,1,0,511,-8
0,0,1,0,510,-8
0,0,1,0,511,-8
0,0,1,0,510,-8
0,0,1,0,511,-8
0,0,1,0,511,-8
0,0,1,0,511,-8
0,0,1,0,511,-8
0,0,1,0,511,-8
0,0,1,0,511,-8
0,0,1,0,511,-8
0,0,1,0,511,-8
0,0,1,0,511,-8
0,0,1,0,511,-8
0,0,1,0,510,-8
0,0,1,0,510,-8
0,0,1,0,511,-8
0,0,1,0,511,-8
0,0,1,0,510,-8
0,0,1,0,510,-8
0,0,1,0,510,-8
0,0,1,0,511,-8
0,0,1,0,511,-8
0,0,1,0,510,-8
0,0,1,0,511,-8
0,0,1,0,510,-8
0,0,1,0,510,-8
0,0,1,0,510,-8
0,0,1,0,511,-8
0,0,1,0,511,-8
0,0,1,0,511,-8
0,0,1,0,510,-8
0,0,1,0,511,-8
0,0,1,0,510,-8
0,0,1,0,510,-8
0,0,1,0,510,-8
0,0,1,0,511,-8
0,0,1,0,510,-8
0,0,1,0,511,-8
0,0,1,0,511,-7
0,0,1,0,511,-7
0,0,1,0,511,-7
0,0,1,0,511,-6
0,0,1,0,510,-6
0,0,1,0,510,-6
0,0,1,0,511,-6
0,0,1,0,511,-6
0,0,1,0,510,-6
0,0,1,0,510,-6
0,0,1,0,511,-6
0,0,1,0,511,-6
0,0,1,0,511,-6
0,0,1,0,510,-5
0,0,1,0,511,-6
0,0,1,0,511,-5
0,0,1,0,511,-5
0,0,1,0,511,-6
0,0,1,0,510,-5
0,0,1,0,511,-6
0,0,1,0,510,-6
0,0,1,0,511,-5
0,0,1,0,511,-6
0,0,1,0,511,-5
0,0,1,0,511,-5
0,0,1,0,511,-5
0,0,1,0,511,-5
0,0,1,0,511,-5
0,0,1,0,511,-5
0,0,1,0,510,-6
0,0,1,0,510,-5
0,0,1,0,510,-5
0,0,1,0,511,-5
0,0,1,0,511,-5
0,0,1,0,511,-6
0,0,1,0,511,-6
0,0,1,0,511,-5
0,0,1,0,511,-5
0,0,1,0,510,-6
0,0,1,0,511,-6
0,0,1,0,510,-5
0,0,1,0,510,-5
0,0,1,0,511,-5
0,0,1,0,511,-5
0,0,1,0,511,-5
0,0,1,0,511,-5
0,0,1,0,511,-5
0,0,1,0,510,-5
0,0,1,0,511,-5
0,0,1,0,510,-5
0,0,1,0,511,-5
0,0,1,0,511,-5
0,0,1,0,510,-5
0,0,1,0,510,-5
0,0,1,0,511,-5
0,0,1,0,511,-5
0,0,1,0,511,-5
0,0,1,0,510,-4
0,0,1,0,510,-5
0,0,1,0,511,-5
0,0,1,0,511,-5
0,0,1,0,511,-5
0,0,1,0,510,-4
0,0,1,0,511,-4
0,0,1,0,511,-4
0,0,1,0,511,-4
0,0,1,0,511,-3
0,0,1,0,511,-3
0,0,1,0,511,-2
0,0,1,0,511,-2
0,0,1,0,510,-2
0,0,1,0,511,-1
0,0,1,0,511,-1
0,0,1,0,511,0
0,0,1,0,510,0
0,0,1,0,511,1
0,0,1,0,511,2
0,0,1,0,511,4
0,0,1,0,511,5
0,0,1,0,511,6
0,0,1,0,511,6
0,0,1,0,511,7
0,0,1,0,510,8
0,0,1,0,510,8
0,0,1,0,510,9
0,0,1,0,510,9
0,0,1,0,510,9
0,0,1,0,510,11
0,0,1,0,511,11
0,0,1,0,511,13
0,0,1,0,510,14
0,0,1,0,510,14
0,0,1,0,511,15
0,0,1,0,510,16
0,0,1,0,510,16
0,0,1,0,511,17
0,0,1,0,510,19
0,0,1,0,510,20
0,0,1,0,511,20
0,0,1,0,511,21
0,0,1,0,511,21
0,0,1,0,511,22
0,0,1,0,511,22
0,0,1,0,511,24
0,0,1,0,511,25
0,0,1,0,511,27
0,0,1,0,511,30
0,0,1,0,510,31
0,0,1,0,511,34
0,0,1,0,511,35
0,0,1,0,511,37
0,0,1,0,511,39
0,0,1,0,511,39
0,0,1,0,511,44
0,0,1,0,511,48
0,0,1,0,511,53
0,0,1,0,510,54
0,0,1,0,510,58
0,0,1,0,510,60
0,0,1,0,511,63
0,0,1,0,511,65
0,0,1,0,511,69
0,0,1,0,511,69
0,0,1,0,510,72
0,0,1,0,511,72
0,0,1,0,510,72
0,0,1,0,511,74
0,0,1,0,511,73
0,0,1,0,510,73
0,0,1,0,510,74
0,0,1,0,511,74
0,0,1,0,511,75
0,0,1,0,511,74
0,0,1,0,511,74
0,0,1,0,510,74
0,0,1,0,511,74
0,0,1,0,511,75
0,0,1,0,510,73
0,0,1,0,511,74
0,0,1,0,511,74
0,0,1,0,511,74
0,0,1,0,511,74
0,0,1,0,511,74
0,0,1,0,511,74
0,0,1,0,511,74
0,0,1,0,511,75
0,0,1,0,511,74
0,0,1,0,511,74
0,0,1,0,510,75
0,0,1,0,511,74
0,0,1,0,511,74
0,0,1,0,511,74
0,0,1,0,511,74
0,0,1,0,511,73
0,0,1,0,511,73
0,0,1,0,510,73
0,0,1,0,510,73
0,0,1,0,510,73
0,0,1,0,510,73
0,0,1,0,510,73
0,0,1,0,511,73
0,0,1,0,511,73
0,0,1,0,511,74
0,0,1,0,511,75
0,0,1,0,510,76
0,0,1,0,511,76
0,0,1,0,511,77
0,0,1,0,511,78
0,0,1,0,510,80
0,0,1,0,510,80
0,0,1,0,510,78
0,0,1,0,511,80
0,0,1,0,511,80
0,0,1,0,511,83
0,0,1,0,510,82
0,0,1,0,511,83
0,0,1,0,511,83
0,0,1,0,510,85
0,0,1,0,511,86
0,0,1,0,510,86
0,0,1,0,511,86
0,0,1,0,510,88
0,0,1,0,511,89
0,0,1,0,511,90
0,0,1,0,511,89
0,0,1,0,511,90
0,0,1,0,510,91
0,0,1,0,510,92
0,0,1,0,511,93
0,0,1,0,510,92
0,0,1,0,511,92
0,0,1,0,511,93
0,0,1,0,511,93
0,0,1,0,511,93
0,0,1,0,511,95
0,0,1,0,511,94
0,0,1,0,510,93
0,0,1,0,511,94
0,0,1,0,511,95
0,0,1,0,511,95
0,0,1,0,511,95
0,0,1,0,510,96
0,0,1,0,511,97
0,0,1,0,511,97
0,0,1,0,511,98
0,0,1,0,511,98
0,0,1,0,510,97
0,0,1,0,511,97
0,0,1,0,511,100
0,0,1,0,510,98
0,0,1,0,510,100
0,0,1,0,510,100
0,0,1,0,510,101
1,0,1,0,510,101
1,0,1,0,510,102
1,0,1,0,511,101
1,0,1,0,510,103
1,0,1,0,510,103
1,0,1,0,511,104
1,0,1,0,511,106
1,0,1,0,511,106
1,0,1,0,510,108
1,0,1,0,510,108
1,0,1,0,511,111
1,0,1,0,511,113
1,0,1,0,511,112
1,0,1,0,511,113
1,0,1,0,511,116
1,0,1,0,510,116
1,0,1,0,511,117
1,0,1,0,510,118
1,0,1,0,510,118
1,0,1,0,511,119
1,0,1,0,510,120
1,0,1,0,510,123
1,0,1,0,511,125
1,0,1,0,510,127
1,0,1,0,511,129
1,0,1,0,510,129
1,0,1,0,511,130
1,0,1,0,510,131
1,0,1,0,511,132
1,0,1,0,511,132
1,0,1,0,510,133
1,0,1,0,510,133
1,0,1,0,511,134
1,0,1,0,511,135
1,0,1,0,511,135
1,0,1,0,511,135
1,0,1,0,510,134
1,0,1,0,511,135
1,0,1,0,511,133
1,0,1,0,511,134
1,0,1,0,511,133
1,0,1,0,511,134
1,0,1,0,511,134
1,0,1,0,511,134
1,0,1,0,511,134
1,0,1,0,511,133
1,0,1,0,511,133
1,0,1,0,511,133
1,0,1,0,510,133
1,0,1,0,511,133
1,0,1,0,511,133
1,0,1,0,511,133
1,0,1,0,510,133
1,0,1,0,510,133
1,0,1,0,511,133
1,0,1,0,511,133
1,0,1,0,511,133
1,0,1,0,510,133
1,0,1,0,511,134
1,0,1,0,511,134
1,0,1,0,510,134
1,0,1,0,510,134
1,0,1,0,511,134
1,0,1,0,510,134
1,0,1,0,510,134
1,0,1,0,510,134
1,0,1,0,511,134
1,0,1,0,511,134
1,0,1,0,511,135
1,0,1,0,511,135
1,0,1,0,510,135
1,0,1,0,511,136
1,0,1,0,511,136
1,0,1,0,510,136
1,0,1,0,511,135
1,0,1,0,511,136
1,0,1,0,510,137
1,0,1,0,510,137
1,0,1,0,511,138
1,0,1,0,511,139
1,0,1,0,510,139
1,0,1,0,510,140
1,0,1,0,510,141
1,0,1,0,510,142
1,0,1,0,510,142
1,0,1,0,510,142
1,0,1,0,510,142
1,0,1,0,511,143
1,0,1,0,511,143
1,0,1,0,511,143
1,0,1,0,511,143
1,0,1,0,511,143
1,0,1,0,511,144
1,0,1,0,510,145
1,0,1,0,511,145
1,0,1,0,510,145
1,0,1,0,510,145
1,0,1,0,510,145
1,0,1,0,510,145
1,0,1,0,511,146
1,0,1,0,511,146
1,0,1,0,511,146
1,0,1,0,511,147
1,0,1,0,511,147
1,0,1,0,511,147
1,0,1,0,510,147
1,0,1,0,510,148
1,0,1,0,510,148
1,0,1,0,511,148
1,0,1,0,511,147
1,0,1,0,511,147
1,0,1,0,511,147
1,0,1,0,511,147
1,0,1,0,511,147
1,0,1,0,511,147
1,0,1,0,511,146
1,0,1,0,510,146
1,0,1,0,510,145
1,0,1,0,510,145
1,0,1,0,511,144
1,0,1,0,511,143
1,0,1,0,511,143
1,0,1,0,510,142
1,0,1,0,511,141
1,0,1,0,511,140
1,0,1,0,511,139
1,0,1,0,510,139
1,0,1,0,510,138
1,0,1,0,511,137
1,0,1,0,511,136
1,0,1,0,511,135
1,0,1,0,511,133
1,0,1,0,511,131
1,0,1,0,510,127
1,0,1,0,510,125
1,0,1,0,511,123
1,0,1,0,510,121
1,0,1,0,510,118
1,0,1,0,510,118
1,0,1,0,510,116
1,0,1,0,510,113
1,0,1,0,511,110
1,0,1,0,511,105
1,0,1,0,510,104
0,0,1,0,511,101
0,0,1,0,511,99
0,0,1,0,511,95
0,0,1,0,511,93
0,0,1,0,511,92
0,0,1,0,510,92
0,0,1,0,510,91
0,0,1,0,511,94
0,0,1,0,510,95
0,0,1,0,511,94
0,0,1,0,511,95
0,0,1,0,510,93
0,0,1,0,510,92
0,0,1,0,511,92
0,0,1,0,510,91
0,0,1,0,511,92
0,0,1,0,510,92
0,0,1,0,511,91
0,0,1,0,510,87
0,0,1,0,510,89
0,0,1,0,511,88
0,0,1,0,511,86
0,0,1,0,510,88
0,0,1,0,511,89
0,0,1,0,511,88
0,0,1,0,511,88
0,0,1,0,510,88
0,0,1,0,511,86
0,0,1,0,510,85
0,0,1,0,511,84
0,0,1,0,511,84
0,0,1,0,511,82
0,0,1,0,511,81
0,0,1,0,511,81
0,0,1,0,511,78
0,0,1,0,511,77
0,0,1,0,511,74
0,0,1,0,511,72
0,0,1,0,511,69
0,0,1,0,510,66
0,0,1,0,511,66
0,0,1,0,511,64
0,0,1,0,511,63
0,0,1,0,511,58
0,0,1,0,511,53
0,0,1,0,511,54
0,0,1,0,511,48
0,0,1,0,511,45
0,0,1,0,510,47
0,0,1,0,511,45
0,0,1,0,510,44
0,0,1,0,510,40
0,0,1,0,510,34
0,0,1,0,511,34
0,0,1,0,511,29
0,0,1,0,511,25
0,0,1,0,510,22
0,0,1,0,510,20
0,0,1,0,510,18
0,0,1,0,510,17
0,0,1,0,510,15
0,0,1,0,510,12
0,0,1,0,511,10
0,0,1,0,511,8
0,0,1,0,511,7
0,0,1,0,511,6
0,0,1,0,510,5
0,0,1,0,510,4
0,0,1,0,510,3
0,0,1,0,511,2
0,0,1,0,510,2
0,0,1,0,510,2
0,0,1,0,510,2
0,0,1,0,511,1
0,0,1,0,510,0
0,0,1,0,510,0
0,0,1,0,510,0
0,0,1,0,511,0
0,0,1,0,511,-1
0,0,1,0,510,-1
0,0,1,0,511,-2
0,0,1,0,511,-2
0,0,1,0,510,-3
0,0,1,0,510,-3
0,0,1,0,511,-3
0,0,1,0,511,-3
0,0,1,0,511,-4
0,0,1,0,511,-4
0,0,1,0,511,-5
0,0,1,0,510,-5
0,0,1,0,510,-5
0,0,1,0,511,-5
0,0,1,0,511,-6
0,0,1,0,510,-6
0,0,1,0,510,-6
0,0,1,0,510,-6
0,0,1,0,511,-6
0,0,1,0,511,-6
0,0,1,0,511,-7
0,0,1,0,510,-7
0,0,1,0,511,-7
0,0,1,0,510,-7
0,0,1,0,511,-7
0,0,1,0,510,-7
0,0,1,0,511,-7
0,0,1,0,510,-7
0,0,1,0,510,-7
0,0,1,0,510,-8
0,0,1,0,511,-8
0,0,1,0,510,-8
0,0,1,0,511,-8
0,0,1,0,510,-8
0,0,1,0,511,-8
0,0,1,0,510,-8
0,0,1,0,511,-8
0,0,1,0,511,-8
0,0,1,0,510,-8
0,0,1,0,510,-8
0,0,1,0,511,-8
0,0,1,0,511,-8
0,0,1,0,511,-8
0,0,1,0,511,-8
0,0,1,0,511,-8
0,0,1,0,511,-8
0,0,1,0,511,-8
0,0,1,0,511,-8
0,0,1,0,511,-8
0,0,1,0,511,-8
0,0,1,0,511,-8
0,0,1,0,511,-8
0,0,1,0,511,-8
0,0,1,0,511,-8
0,0,1,0,510,-8
0,0,1,0,510,-8
0,0,1,0,510,-8
0,0,1,0,511,-8
0,0,1,0,511,-8
0,0,1,0,511,-8
0,0,1,0,510,-8
0,0,1,0,511,-8
0,0,1,0,511,-8
0,0,1,0,511,-8
0,0,1,0,511,-8
0,0,1,0,510,-8
0,0,1,0,511,-8
0,0,1,0,511,-8
0,0,1,0,511,-8
0,0,1,0,510,-8
0,0,1,0,510,-8
0,0,1,0,510,-8
0,0,1,0,511,-8
0,0,1,0,511,-8
0,0,1,0,511,-8
0,0,1,0,511,-8
0,0,1,0,510,-8
0,0,1,0,511,-8
0,0,1,0,511,-8
0,0,1,0,511,-8
0,0,1,0,511,-8
0,0,1,0,510,-8
0,0,1,0,511,-8
0,0,1,0,511,-8
0,0,1,0,511,-8
0,0,1,0,511,-8
0,0,1,0,511,-8
0,0,1,0,510,-8
0,0,1,0,510,-8
0,0,1,0,510,-8
0,0,1,0,511,-8
0,0,1,0,510,-8
0,0,1,0,510,-8
0,0,1,0,511,-8
0,0,1,0,511,-8
0,0,1,0,511,-8
0,0,1,0,511,-8
0,0,1,0,511,-8
0,0,1,0,511,-8
0,0,1,0,511,-8
0,0,1,0,511,-8
0,0,1,0,511,-8
0,0,1,0,510,-8
0,0,1,0,510,-8
0,0,1,0,511,-8
0,0,1,0,511,-8
0,0,1,0,511,-8
0,0,1,0,511,-8
0,0,1,0,511,-8
0,0,1,0,511,-8
0,0,1,0,510,-8
0,0,1,0,511,-8
0,0,1,0,511,-8
0,0,1,0,511,-8
0,0,1,0,511,-8
0,0,1,0,511,-8
0,0,1,0,511,-8
0,0,1,0,511,-8
0,0,1,0,510,-8
0,0,1,0,511,-8
0,0,1,0,511,-8
0,0,1,0,511,-8
0,0,1,0,511,-8
0,0,1,0,511,-8
0,0,1,0,510,-8
0,0,1,0,510,-8
0,0,1,0,510,-8
0,0,1,0,511,-8
0,0,1,0,511,-8
0,0,1,0,511,-8
0,0,1,0,511,-8
0,0,1,0,511,-8
0,0,1,0,511,-8
0,0,1,0,510,-8
0,0,1,0,511,-8
0,0,1,0,510,-8
0,0,1,0,511,-8
0,0,1,0,511,-8
0,0,1,0,510,-8
0,0,1,0,510,-8
0,0,1,0,511,-8
0,0,1,0,510,-8
0,0,1,0,510,-8
0,0,1,0,511,-8
0,0,1,0,510,-8
0,0,1,0,510,-8
0,0,1,0,510,-8
0,0,1,0,511,-8
0,0,1,0,511,-8
0,0,1,0,511,-8
0,0,1,0,511,-8
0,0,1,0,510,-8
0,0,1,0,511,-8
0,0,1,0,511,-8
0,0,1,0,510,-8
0,0,1,0,511,-8
0,0,1,0,510,-8
0,0,1,0,511,-8
0,0,1,0,511,-8
0,0,1,0,511,-8
0,0,1,0,511,-8
0,0,1,0,510,-8
0,0,1,0,511,-8
0,0,1,0,510,-8
0,0,1,0,511,-8
0,0,1,0,511,-8
0,0,1,0,511,-8
0,0,1,0,511,-8
0,0,1,0,511,-8
0,0,1,0,511,-8
0,0,1,0,511,-8
0,0,1,0,511,-8
0,0,1,0,511,-8
0,0,1,0,511,-8
0,0,1,0,511,-8
0,0,1,0,511,-8
0,0,1,0,510,-8
0,0,1,0,511,-8
0,0,1,0,510,-8
0,0,1,0,511,-8
0,0,1,0,511,-8
0,0,1,0,511,-8
0,0,1,0,510,-8
0,0,1,0,511,-8
0,0,1,0,510,-8
0,0,1,0,511,-8
0,0,1,0,511,-8
0,0,1,0,510,-8
0,0,1,0,511,-8
0,0,1,0,511,-8
0,0,1,0,511,-8
0,0,1,0,511,-8
0,0,1,0,511,-8
0,0,1,0,511,-8
0,0,1,0,511,-8
0,0,1,0,510,-8
0,0,1,0,511,-8
0,0,1,0,510,-8
0,0,1,0,511,-8
0,0,1,0,511,-8
0,0,1,0,511,-8
0,0,1,0,511,-8
0,0,1,0,511,-8
0,0,1,0,511,-8
0,0,1,0,511,-8
0,0,1,0,511,-8
0,0,1,0,511,-8
0,0,1,0,511,-8
0,0,1,0,510,-8
0,0,1,0,511,-8
0,0,1,0,511,-8
0,0,1,0,511,-8
0,0,1,0,511,-8
0,0,1,0,510,-8
0,0,1,0,511,-8
0,0,1,0,511,-8
0,0,1,0,510,-8
0,0,1,0,510,-8
0,0,1,0,510,-8
0,0,1,0,511,-8
0,0,1,0,511,-8
0,0,1,0,511,-8
0,0,1,0,511,-8
0,0,1,0,511,-8
0,0,1,0,510,-8
0,0,1,0,510,-8
0,0,1,0,511,-8
0,0,1,0,511,-8
0,0,1,0,511,-8
0,0,1,0,511,-8
0,0,1,0,511,-8
0,0,1,0,511,-8
0,0,1,0,511,-8
0,0,1,0,511,-8
0,0,1,0,511,-8
0,0,1,0,511,-8
0,0,1,0,511,-8
0,0,1,0,510,-8
0,0,1,0,511,-8
0,0,1,0,511,-8
0,0,1,0,511,-8
0,0,1,0,511,-8
0,0,1,0,511,-8
0,0,1,0,511,-8
0,0,1,0,511,-8
0,0,1,0,511,-8
0,0,1,0,511,-8
0,0,1,0,511,-8
0,0,1,0,511,-8
0,0,1,0,511,-8
0,0,1,0,510,-8
0,0,1,0,511,-8
0,0,1,0,511,-8
0,0,1,0,511,-8
0,0,1,0,510,-8
0,0,1,0,511,-8
0,0,1,0,510,-9
0,0,1,0,510,-8
0,0,1,0,510,-8
0,0,1,0,511,-8
0,0,1,0,510,-9
0,0,1,0,511,-9
0,0,1,0,510,-9
0,0,1,0,511,-9
0,0,1,0,511,-9
0,0,1,0,511,-10
0,0,1,0,510,-10
0,0,1,0,511,-11
0,0,1,0,510,-11
0,0,1,0,511,-12
0,0,1,0,510,-12
0,0,1,0,510,-13
0,0,1,0,510,-13
0,0,1,0,510,-13
0,0,1,0,511,-14
0,0,1,0,511,-14
0,0,1,0,511,-15
0,0,1,0,511,-17
0,0,1,0,511,-18
0,0,1,0,511,-19
0,0,1,0,511,-21
0,0,1,0,511,-21
0,0,1,0,510,-21
0,0,1,0,511,-23
0,0,1,0,511,-25
0,0,1,0,511,-25
0,0,1,0,511,-27
0,0,1,0,511,-29
0,0,1,0,511,-31
0,0,1,0,511,-31
0,0,1,0,511,-32
0,0,1,0,511,-33
0,0,1,0,511,-35
0,0,1,0,511,-36
0,0,1,0,511,-37
0,0,1,0,511,-38
0,0,1,0,510,-39
0,0,1,0,511,-40
0,0,1,0,511,-43
0,0,1,0,510,-44
0,0,1,0,510,-44
0,0,1,0,511,-48
0,0,1,0,510,-48
0,0,1,0,510,-50
0,0,1,0,510,-51
0,0,1,0,510,-51
0,0,1,0,510,-52
0,0,1,0,511,-53
0,0,1,0,511,-55
0,0,1,0,511,-60
0,0,1,0,510,-64
0,0,1,0,511,-67
0,0,1,0,510,-69
0,0,1,0,510,-71
0,0,1,0,510,-73
0,0,1,0,510,-75
0,0,1,0,510,-81
0,0,1,0,511,-86
0,0,1,0,511,-92
0,0,1,0,510,-97
0,0,1,0,510,-98
0,1,1,0,511,-101
0,1,1,0,511,-102
0,1,1,0,510,-107
0,1,1,0,511,-109
0,1,1,0,511,-112
0,1,1,0,511,-112
0,1,1,0,510,-115
0,1,1,0,511,-115
0,1,1,0,510,-117
0,1,1,0,511,-118
0,1,1,0,511,-121
0,1,1,0,511,-123
0,1,1,0,511,-126
0,1,1,0,511,-125
0,1,1,0,511,-127
0,1,1,0,511,-128
0,1,1,0,510,-130
0,1,1,0,511,-132
0,1,1,0,511,-133
0,1,1,0,511,-135
0,1,1,0,511,-138
0,1,1,0,511,-138
0,1,1,0,511,-140
0,1,1,0,511,-142
0,1,1,0,510,-142
0,1,1,0,511,-144
0,1,1,0,510,-145
0,1,1,0,511,-148
0,1,1,0,510,-148
0,1,1,0,510,-152
0,1,1,0,510,-152
0,1,1,0,511,-155
0,1,1,0,510,-155
0,1,1,0,510,-156
0,1,1,0,511,-158
0,1,1,0,511,-161
0,1,1,0,510,-162
0,1,1,0,510,-165
0,1,1,0,511,-167
0,1,1,0,510,-170
0,1,1,0,510,-173
0,1,1,0,511,-176
0,1,1,0,511,-178
0,1,1,0,511,-180
0,1,1,0,511,-184
0,1,1,0,510,-188
0,1,1,0,510,-189
0,1,1,0,511,-191
0,1,1,0,511,-194
0,1,1,0,511,-197
0,1,1,0,510,-199
0,1,1,0,511,-203
0,1,1,0,511,-205
0,1,1,0,511,-207
0,1,1,0,511,-210
0,1,1,0,510,-212
0,1,1,0,511,-214
0,1,1,0,510,-217
0,1,1,0,510,-218
0,1,1,0,511,-222
0,1,1,0,511,-224
0,1,1,0,511,-227
0,1,1,0,511,-228
0,1,1,0,511,-235
0,1,1,0,511,-237
0,1,1,0,511,-241
0,1,1,0,510,-245
0,1,1,0,511,-249
0,1,1,0,510,-253
0,1,1,0,510,-258
0,1,1,0,510,-263
0,1,1,0,511,-268
0,1,1,0,510,-270
0,1,1,0,510,-277
0,1,1,0,511,-280
0,1,1,0,511,-286
0,1,1,0,511,-289
0,1,1,0,511,-294
0,1,1,0,511,-295
0,1,1,0,511,-299
0,1,1,0,511,-305
0,1,1,0,511,-310
0,1,1,0,511,-313
0,1,1,0,510,-317
0,1,1,0,510,-323
0,1,1,0,510,-325
0,1,1,0,511,-330
0,1,1,0,510,-332
0,1,1,0,511,-335
0,1,1,0,510,-339
0,1,1,0,511,-346
0,1,1,0,511,-348
0,1,1,0,511,-353
0,1,1,0,510,-356
0,1,1,0,510,-359
0,1,1,0,511,-363
0,1,1,0,511,-367
0,1,1,0,511,-370
0,1,1,0,511,-375
0,1,1,0,510,-376
0,1,1,0,511,-379
0,1,1,0,510,-379
0,1,1,0,511,-383
0,1,1,0,510,-385
0,1,1,0,510,-385
0,1,1,0,511,-387
0,1,1,0,511,-389
0,1,1,0,510,-390
0,1,1,0,511,-393
0,1,1,0,511,-396
0,1,1,0,511,-398
0,1,1,0,511,-403
0,1,1,0,511,-404
0,1,1,0,511,-406
0,1,1,0,511,-407
0,1,1,0,511,-409
0,1,1,0,511,-411
0,1,1,0,510,-413
0,1,1,0,511,-415
0,1,1,0,511,-416
0,1,1,0,511,-417
0,1,1,0,510,-419
0,1,1,0,511,-420
0,1,1,0,511,-421
0,1,1,0,511,-424
0,1,1,0,511,-426
0,1,1,0,510,-428
0,1,1,0,511,-429
0,1,1,0,511,-430
0,1,1,0,511,-432
0,1,1,0,511,-433
0,1,1,0,511,-435
0,1,1,0,511,-435
0,1,1,0,511,-436
0,1,1,0,511,-438
0,1,1,0,511,-438
0,1,1,0,510,-440
0,1,1,0,510,-442
0,1,1,0,511,-442
0,1,1,0,511,-444
0,1,1,0,511,-444
0,1,1,0,510,-446
0,1,1,0,511,-447
0,1,1,0,510,-447
0,1,1,0,511,-450
0,1,1,0,510,-451
0,1,1,0,511,-459
0,1,1,0,510,-463
0,1,1,0,510,-467
0,1,1,0,511,-470
0,1,1,0,511,-472
0,1,1,0,510,-476
0,1,1,0,511,-475
0,1,1,0,511,-477
0,1,1,0,511,-477
0,1,1,0,510,-479
0,1,1,0,510,-480
0,1,1,0,511,-484
0,1,1,0,510,-485
0,1,1,0,510,-487
0,1,1,0,510,-487
0,1,1,0,511,-488
0,1,1,0,511,-486
0,1,1,0,511,-488
0,1,1,0,511,-489
0,1,1,0,511,-491
0,1,1,0,511,-491
0,1,1,0,510,-491
0,1,1,0,510,-492
0,1,1,0,511,-493
0,1,1,0,511,-493
0,1,1,0,511,-492
0,1,1,0,510,-494
0,1,1,0,511,-494
0,1,1,0,511,-495
0,1,1,0,511,-495
0,1,1,0,511,-495
0,1,1,0,510,-496
0,1,1,0,511,-497
0,1,1,0,511,-497
0,1,1,0,511,-496
0,1,1,0,510,-498
0,1,1,0,511,-497
0,1,1,0,510,-498
0,1,1,0,510,-498
0,1,1,0,511,-499
0,1,1,0,511,-499
0,1,1,0,511,-498
0,1,1,0,510,-500
0,1,1,0,511,-500
0,1,1,0,511,-501
0,1,1,0,511,-500
0,1,1,0,511,-500
0,1,1,0,511,-500
0,1,1,0,511,-500
0,1,1,0,511,-500
0,1,1,0,511,-500
0,1,1,0,511,-499
0,1,1,0,510,-500
0,1,1,0,511,-500
0,1,1,0,510,-500
0,1,1,0,511,-500
0,1,1,0,511,-500
0,1,1,0,511,-500
0,1,1,0,510,-500
0,1,1,0,511,-500
0,1,1,0,510,-500
0,1,1,0,510,-502
0,1,1,0,511,-500
0,1,1,0,511,-501
0,1,1,0,510,-502
0,1,1,0,510,-501
0,1,1,0,510,-501
0,1,1,0,511,-501
0,1,1,0,510,-502
0,1,1,0,510,-501
0,1,1,0,510,-501
0,1,1,0,511,-502
0,1,1,0,510,-502
0,1,1,0,511,-502
0,1,1,0,511,-502
0,1,1,0,511,-501
0,1,1,0,511,-501
0,1,1,0,511,-501
0,1,1,0,511,-500
0,1,1,0,511,-501
0,1,1,0,510,-501
0,1,1,0,510,-501
0,1,1,0,510,-501
0,1,1,0,511,-502
0,1,1,0,511,-501
0,1,1,0,511,-502
0,1,1,0,511,-502
0,1,1,0,511,-502
0,1,1,0,510,-504
0,1,1,0,511,-504
0,1,1,0,510,-505
0,1,1,0,511,-503
0,1,1,0,510,-504
0,1,1,0,510,-504
0,1,1,0,510,-505
0,1,1,0,511,-506
0,1,1,0,511,-507
0,1,1,0,510,-508
0,1,1,0,510,-508
0,1,1,0,511,-508
0,1,1,0,511,-508
0,1,1,0,511,-509
0,1,1,0,509,-510
0,1,1,0,511,-510
0,1,1,0,511,-511
0,1,1,0,510,-511
0,1,1,0,511,-511
0,1,1,0,511,-511
0,1,1,0,511,-512
0,1,1,0,510,-512
0,1,1,0,510,-512
0,1,1,0,511,-512
0,1,1,0,511,-512
0,1,1,0,510,-512
0,1,1,0,510,-512
0,1,1,0,511,-512
0,1,1,0,511,-512
0,1,1,0,511,-512
0,1,1,0,511,-512
0,1,1,0,511,-512
0,1,1,0,511,-512
0,1,1,0,510,-512
0,1,1,0,511,-512
0,1,1,0,511,-512
0,1,1,0,510,-512
0,1,1,0,511,-512
0,1,1,0,511,-512
0,1,1,0,511,-512
0,1,1,0,511,-512
0,1,1,0,510,-512
0,1,1,0,510,-512
0,1,1,0,510,-512
0,1,1,0,510,-512
0,1,1,0,511,-512
0,1,1,0,510,-512
0,1,1,0,510,-512
0,1,1,0,511,-512
0,1,1,0,511,-512
0,1,1,0,511,-512
0,1,1,0,511,-512
0,1,1,0,511,-512
0,1,1,0,510,-512
0,1,1,0,511,-512
0,1,1,0,511,-512
0,1,1,0,510,-512
0,1,1,0,510,-512
0,1,1,0,510,-512
0,1,1,0,510,-512
0,1,1,0,511,-512
0,1,1,0,511,-512
0,1,1,0,511,-512
0,1,1,0,511,-512
0,1,1,0,511,-512
0,1,1,0,510,-512
0,1,1,0,511,-512
0,1,1,0,511,-512
0,1,1,0,511,-512
0,1,1,0,511,-512
0,1,1,0,511,-512
0,1,1,0,510,-512
0,1,1,0,511,-512
0,1,1,0,511,-512
0,1,1,0,511,-512
0,1,1,0,510,-512
0,1,1,0,511,-512
0,1,1,0,510,-512
0,1,1,0,511,-512
0,1,1,0,511,-512
0,1,1,0,510,-512
0,1,1,0,510,-512
0,1,1,0,511,-512
0,1,1,0,511,-512
0,1,1,0,510,-512
0,1,1,0,511,-512
0,1,1,0,511,-512
0,1,1,0,511,-512
0,1,1,0,510,-512
0,1,1,0,511,-512
0,1,1,0,510,-512
0,1,1,0,510,-512
0,1,1,0,510,-512
0,1,1,0,511,-512
0,1,1,0,511,-512
0,1,1,0,511,-512
0,1,1,0,511,-512
0,1,1,0,510,-512
0,1,1,0,510,-512
0,1,1,0,511,-512
0,1,1,0,510,-512
0,1,1,0,510,-512
0,1,1,0,510,-512
0,1,1,0,510,-512
0,1,1,0,510,-512
0,1,1,0,511,-512
0,1,1,0,511,-512
0,1,1,0,511,-512
0,1,1,0,511,-512
0,1,1,0,511,-512
0,1,1,0,510,-512
0,1,1,0,511,-512
0,1,1,0,511,-512
0,1,1,0,510,-512
0,1,1,0,510,-512
0,1,1,0,510,-512
0,1,1,0,511,-512
0,1,1,0,511,-512
0,1,1,0,511,-512
0,1,1,0,511,-512
0,1,1,0,510,-512
0,1,1,0,511,-512
0,1,1,0,511,-512
0,1,1,0,511,-512
0,1,1,0,511,-512
0,1,1,0,510,-512
0,1,1,0,510,-512
0,1,1,0,511,-512
0,1,1,0,511,-512
0,1,1,0,511,-512
0,1,1,0,511,-512
0,1,1,0,511,-512
0,1,1,0,511,-512
0,1,1,0,510,-512
0,1,1,0,511,-512
0,1,1,0,511,-512
0,1,1,0,511,-512
0,1,1,0,511,-512
0,1,1,0,511,-512
0,1,1,0,511,-512
0,1,1,0,511,-512
0,1,1,0,511,-512
0,1,1,0,511,-512
0,1,1,0,511,-512
0,1,1,0,511,-512
0,1,1,0,511,-512
0,1,1,0,510,-512
0,1,1,0,511,-512
0,1,1,0,511,-512
0,1,1,0,511,-512
0,1,1,0,511,-512
0,1,1,0,511,-512
0,1,1,0,511,-512
0,1,1,0,511,-512
0,1,1,0,511,-512
0,1,1,0,511,-512
0,1,1,0,510,-512
0,1,1,0,510,-512
0,1,1,0,511,-512
0,1,1,0,511,-512
0,1,1,0,511,-512
0,1,1,0,511,-512
0,1,1,0,510,-512
0,1,1,0,511,-512
0,1,1,0,511,-512
0,1,1,0,511,-512
0,1,1,0,510,-512
0,1,1,0,511,-512
0,1,1,0,510,-512
0,1,1,0,511,-512
0,1,1,0,511,-512
0,1,1,0,511,-512
0,1,1,0,511,-512
0,1,1,0,511,-512
0,1,1,0,511,-512
0,1,1,0,510,-512
0,1,1,0,510,-512
0,1,1,0,510,-512
0,1,1,0,510,-512
0,1,1,0,511,-512
0,1,1,0,510,-512
0,1,1,0,510,-512
0,1,1,0,510,-512
0,1,1,0,511,-512
0,1,1,0,511,-512
0,1,1,0,511,-512
0,1,1,0,511,-512
0,1,1,0,511,-512
0,1,1,0,511,-512
0,1,1,0,511,-512
0,1,1,0,510,-512
0,1,1,0,510,-512
0,1,1,0,510,-512
0,1,1,0,511,-512
0,1,1,0,510,-512
0,1,1,0,511,-512
0,1,1,0,511,-512
0,1,1,0,511,-512
0,1,1,0,510,-512
0,1,1,0,511,-512
0,1,1,0,510,-512
0,1,1,0,511,-512
0,1,1,0,510,-512
0,1,1,0,510,-512
0,1,1,0,510,-512
0,1,1,0,511,-512
0,1,1,0,511,-512
0,1,1,0,511,-512
0,1,1,0,511,-512
0,1,1,0,511,-512
0,1,1,0,511,-512
0,1,1,0,510,-512
0,1,1,0,510,-512
0,1,1,0,510,-512
0,1,1,0,510,-512
0,1,1,0,511,-512
0,1,1,0,511,-512
0,1,1,0,511,-512
0,1,1,0,511,-512
0,1,1,0,511,-512
0,1,1,0,510,-512
0,1,1,0,511,-512
0,1,1,0,511,-512
0,1,1,0,510,-512
0,1,1,0,511,-512
0,1,1,0,510,-512
0,1,1,0,510,-512
0,1,1,0,510,-512
0,1,1,0,511,-512
0,1,1,0,511,-512
0,1,1,0,511,-512
0,1,1,0,511,-512
0,1,1,0,511,-512
0,1,1,0,510,-512
0,1,1,0,511,-512
0,1,1,0,511,-512
0,1,1,0,510,-512
0,1,1,0,511,-512
0,1,1,0,511,-512
0,1,1,0,511,-512
0,1,1,0,511,-512
0,1,1,0,510,-512
0,1,1,0,511,-512
0,1,1,0,510,-512
0,1,1,0,510,-512
0,1,1,0,510,-512
0,1,1,0,511,-512
0,1,1,0,510,-512
0,1,1,0,511,-512
0,1,1,0,511,-512
0,1,1,0,511,-512
0,1,1,0,510,-512
0,1,1,0,511,-512
0,1,1,0,510,-512
0,1,1,0,511,-512
0,1,1,0,510,-512
0,1,1,0,511,-512
0,1,1,0,510,-512
0,1,1,0,511,-512
0,1,1,0,511,-512
0,1,1,0,511,-512
0,1,1,0,511,-512
0,1,1,0,511,-512
0,1,1,0,510,-512
0,1,1,0,511,-512
0,1,1,0,511,-512
0,1,1,0,511,-512
0,1,1,0,511,-512
0,1,1,0,511,-512
0,1,1,0,510,-512
0,1,1,0,511,-512
0,1,1,0,511,-512
0,1,1,0,511,-512
0,1,1,0,511,-512
0,1,1,0,511,-512
0,1,1,0,511,-512
0,1,1,0,511,-512
0,1,1,0,511,-512
0,1,1,0,511,-512
0,1,1,0,510,-512
0,1,1,0,511,-512
0,1,1,0,511,-512
0,1,1,0,511,-512
0,1,1,0,511,-512
0,1,1,0,511,-512
0,1,1,0,511,-512
0,1,1,0,511,-512
0,1,1,0,511,-512
0,1,1,0,511,-512
0,1,1,0,511,-512
0,1,1,0,511,-512
0,1,1,0,511,-512
0,1,1,0,511,-512
0,1,1,0,511,-512
0,1,1,0,511,-512
0,1,1,0,510,-512
0,1,1,0,511,-512
0,1,1,0,511,-512
0,1,1,0,511,-512
0,1,1,0,510,-512
0,1,1,0,511,-512
0,1,1,0,511,-512
0,1,1,0,511,-512
0,1,1,0,511,-512
0,1,1,0,511,-512
0,1,1,0,511,-512
0,1,1,0,511,-512
0,1,1,0,510,-512
0,1,1,0,511,-512
0,1,1,0,510,-512
0,1,1,0,511,-512
0,1,1,0,510,-512
0,1,1,0,511,-512
0,1,1,0,510,-512
0,1,1,0,511,-512
0,1,1,0,511,-512
0,1,1,0,511,-512
0,1,1,0,510,-512
0,1,1,0,510,-512
0,1,1,0,511,-512
0,1,1,0,511,-512
0,1,1,0,510,-512
0,1,1,0,510,-512
0,1,1,0,510,-512
0,1,1,0,511,-512
0,1,1,0,510,-512
0,1,1,0,511,-512
0,1,1,0,511,-512
0,1,1,0,511,-512
0,1,1,0,511,-512
0,1,1,0,511,-512
0,1,1,0,511,-512
0,1,1,0,510,-512
0,1,1,0,510,-512
0,1,1,0,511,-512
0,1,1,0,510,-512
0,1,1,0,510,-512
0,1,1,0,510,-512
0,1,1,0,511,-512
0,1,1,0,511,-512
0,1,1,0,511,-512
0,1,1,0,511,-512
0,1,1,0,511,-512
0,1,1,0,510,-512
0,1,1,0,511,-512
0,1,1,0,510,-512
0,1,1,0,510,-512
0,1,1,0,510,-512
0,1,1,0,511,-512
0,1,1,0,511,-512
0,1,1,0,511,-512
0,1,1,0,510,-512
0,1,1,0,511,-512
0,1,1,0,510,-512
0,1,1,0,511,-512
0,1,1,0,510,-512
0,1,1,0,511,-512
0,1,1,0,510,-512
0,1,1,0,510,-512
0,1,1,0,511,-512
0,1,1,0,511,-512
0,1,1,0,511,-512
0,1,1,0,511,-512
0,1,1,0,510,-512
0,1,1,0,510,-512
0,1,1,0,511,-512
0,1,1,0,511,-512
0,1,1,0,510,-512
0,1,1,0,511,-512
0,1,1,0,511,-512
0,1,1,0,511,-512
0,1,1,0,511,-512
0,1,1,0,511,-512
0,1,1,0,511,-512
0,1,1,0,511,-512
0,1,1,0,510,-512
0,1,1,0,510,-512
0,1,1,0,510,-512
0,1,1,0,510,-512
0,1,1,0,510,-512
0,1,1,0,511,-512
0,1,1,0,511,-512
0,1,1,0,511,-512
0,1,1,0,511,-512
0,1,1,0,511,-512
0,1,1,0,511,-512
0,1,1,0,511,-512
0,1,1,0,511,-512
0,1,1,0,510,-512
0,1,1,0,511,-512
0,1,1,0,510,-512
0,1,1,0,511,-512
0,1,1,0,511,-512
0,1,1,0,510,-512
0,1,1,0,511,-512
0,1,1,0,511,-512
0,1,1,0,511,-512
0,1,1,0,511,-512
0,1,1,0,510,-512
0,1,1,0,511,-512
0,1,1,0,511,-512
0,1,1,0,510,-512
0,1,1,0,510,-512
0,1,1,0,511,-512
0,1,1,0,511,-512
0,1,1,0,511,-512
0,1,1,0,511,-512
0,1,1,0,511,-512
0,1,1,0,511,-512
0,1,1,0,510,-512
0,1,1,0,511,-512
0,1,1,0,511,-512
0,1,1,0,510,-512
0,1,1,0,510,-512
0,1,1,0,511,-512
0,1,1,0,511,-512
0,1,1,0,511,-512
0,1,1,0,511,-512
0,1,1,0,511,-512
0,1,1,0,511,-512
0,1,1,0,510,-512
0,1,1,0,511,-512
0,1,1,0,510,-512
0,1,1,0,510,-512
0,1,1,0,510,-512
0,1,1,0,511,-512
0,1,1,0,511,-512
0,1,1,0,511,-512
0,1,1,0,511,-512
0,1,1,0,511,-512
0,1,1,0,511,-512
0,1,1,0,511,-512
0,1,1,0,511,-512
0,1,1,0,510,-512
0,1,1,0,511,-512
0,1,1,0,511,-512
0,1,1,0,510,-512
0,1,1,0,510,-512
0,1,1,0,510,-512
0,1,1,0,511,-512
0,1,1,0,510,-512
0,1,1,0,511,-512
0,1,1,0,510,-512
0,1,1,0,511,-512
0,1,1,0,511,-512
0,1,1,0,511,-512
0,1,1,0,510,-512
0,1,1,0,511,-512
0,1,1,0,510,-512
0,1,1,0,510,-512
0,1,1,0,511,-512
0,1,1,0,511,-512
0,1,1,0,511,-512
0,1,1,0,511,-512
0,1,1,0,510,-512
0,1,1,0,510,-512
0,1,1,0,510,-512
0,1,1,0,511,-512
0,1,1,0,510,-512
0,1,1,0,511,-512
0,1,1,0,511,-512
0,1,1,0,511,-512
0,1,1,0,511,-512
0,1,1,0,511,-512
0,1,1,0,511,-512
0,1,1,0,511,-512
0,1,1,0,510,-512
0,1,1,0,511,-512
0,1,1,0,510,-512
0,1,1,0,511,-512
0,1,1,0,511,-512
0,1,1,0,511,-512
0,1,1,0,511,-512
0,1,1,0,511,-512
0,1,1,0,511,-512
0,1,1,0,510,-512
0,1,1,0,511,-512
0,1,1,0,510,-512
0,1,1,0,511,-512
0,1,1,0,511,-512
0,1,1,0,511,-512
0,1,1,0,511,-512
0,1,1,0,511,-512
0,1,1,0,511,-512
0,1,1,0,511,-512
0,1,1,0,510,-512
0,1,1,0,511,-512
0,1,1,0,510,-512
0,1,1,0,511,-512
0,1,1,0,511,-512
0,1,1,0,510,-512
0,1,1,0,511,-512
0,1,1,0,511,-512
0,1,1,0,511,-512
0,1,1,0,511,-512
0,1,1,0,511,-512
0,1,1,0,511,-512
0,1,1,0,511,-512
0,1,1,0,511,-512
0,1,1,0,511,-512
0,1,1,0,511,-512
0,1,1,0,510,-512
0,1,1,0,511,-512
0,1,1,0,511,-512
0,1,1,0,511,-512
0,1,1,0,510,-512
0,1,1,0,511,-512
0,1,1,0,510,-512
0,1,1,0,511,-512
0,1,1,0,511,-512
0,1,1,0,510,-512
0,1,1,0,510,-512
0,1,1,0,511,-512
0,1,1,0,511,-512
0,1,1,0,511,-512
0,1,1,0,511,-512
0,1,1,0,511,-512
0,1,1,0,511,-512
0,1,1,0,510,-512
0,1,1,0,511,-512
0,1,1,0,511,-512
0,1,1,0,511,-512
0,1,1,0,510,-512
0,1,1,0,510,-512
0,1,1,0,509,-512
0,1,1,0,510,-512
0,1,1,0,509,-512
0,1,1,0,505,-512
0,1,1,0,505,-512
0,1,1,0,505,-512
0,1,1,0,503,-512
0,1,1,0,502,-512
0,1,1,0,499,-512
0,1,1,0,498,-512
0,1,1,0,496,-512
0,1,1,0,495,-512
0,1,1,0,491,-512
0,1,1,0,491,-512
0,1,1,0,483,-512
0,1,1,0,475,-512
0,1,1,0,469,-512
0,1,1,0,470,-512
0,1,1,0,466,-512
0,1,1,0,459,-512
0,1,1,0,457,-512
0,1,1,0,453,-512
0,1,1,0,447,-512
0,1,1,0,442,-512
0,1,1,0,441,-512
0,1,1,0,440,-512
0,1,1,0,440,-512
0,1,1,0,440,-512
0,1,1,0,439,-512
0,1,1,0,435,-512
0,1,1,0,435,-512
0,1,1,0,434,-512
0,1,1,0,429,-512
0,1,1,0,425,-512
0,1,1,0,426,-512
0,1,1,0,426,-512
0,1,1,0,425,-512
0,1,1,0,423,-512
0,1,1,0,425,-512
0,1,1,0,422,-512
0,1,1,0,421,-512
0,1,1,0,419,-512
0,1,1,0,418,-512
0,1,1,0,418,-512
0,1,1,0,416,-512
0,1,1,0,417,-512
0,1,1,0,413,-512
0,1,1,0,409,-512
0,1,1,0,409,-512
0,1,1,0,408,-512
0,1,1,0,406,-512
0,1,1,0,406,-512
0,1,1,0,405,-512
0,1,1,0,404,-512
0,1,1,0,404,-512
0,1,1,0,401,-512
0,1,1,0,399,-512
0,1,1,0,398,-512
0,1,1,0,397,-512
0,1,1,0,396,-512
0,1,1,0,399,-512
0,1,1,0,393,-512
0,1,1,0,392,-512
0,1,1,0,392,-512
0,1,1,0,390,-512
0,1,1,0,392,-512
0,1,1,0,391,-512
0,1,1,0,391,-512
0,1,1,0,388,-512
0,1,1,0,386,-512
0,1,1,0,385,-512
0,1,1,0,384,-512
0,1,1,0,384,-512
0,1,1,0,383,-512
0,1,1,0,380,-512
0,1,1,0,381,-512
0,1,1,0,379,-512
0,1,1,0,377,-512
0,1,1,0,378,-512
0,1,1,0,380,-512
0,1,1,0,376,-512
0,1,1,0,375,-512
0,1,1,0,370,-512
0,1,1,0,370,-512
0,1,1,0,370,-512
0,1,1,0,369,-512
0,1,1,0,370,-512
0,1,1,0,369,-512
0,1,1,0,367,-512
0,1,1,0,366,-512
0,1,1,0,363,-512
0,1,1,0,366,-512
0,1,1,0,364,-512
0,1,1,0,361,-512
0,1,1,0,362,-512
0,1,1,0,361,-512
0,1,1,0,363,-512
0,1,1,0,364,-512
0,1,1,0,362,-512
0,1,1,0,361,-512
0,1,1,0,363,-512
0,1,1,0,360,-512
0,1,1,0,358,-512
0,1,1,0,356,-512
0,1,1,0,358,-512
0,1,1,0,354,-512
0,1,1,0,352,-512
0,1,1,0,355,-512
0,1,1,0,354,-512
0,1,1,0,353,-512
0,1,1,0,353,-512
0,1,1,0,354,-512
0,1,1,0,352,-512
0,1,1,0,351,-512
0,1,1,0,353,-512
0,1,1,0,351,-512
0,1,1,0,350,-512
0,1,1,0,350,-512
0,1,1,0,348,-512
0,1,1,0,348,-512
0,1,1,0,348,-512
0,1,1,0,347,-512
0,1,1,0,347,-512
0,1,1,0,347,-512
0,1,1,0,348,-512
0,1,1,0,350,-512
0,1,1,0,351,-512
0,1,1,0,349,-512
0,1,1,0,348,-512
0,1,1,0,348,-512
0,1,1,0,345,-512
0,1,1,0,344,-512
0,1,1,0,345,-512
0,1,1,0,345,-512
0,1,1,0,346,-512
0,1,1,0,345,-512
0,1,1,0,344,-512
0,1,1,0,341,-512
0,1,1,0,341,-512
0,1,1,0,336,-512
0,1,1,0,334,-512
0,1,1,0,338,-512
0,1,1,0,328,-512
0,1,1,0,327,-512
0,1,1,0,325,-512
0,1,1,0,323,-512
0,1,1,0,319,-512
0,1,1,0,320,-512
0,1,1,0,320,-512
0,1,1,0,318,-512
0,1,1,0,315,-512
0,1,1,0,319,-512
0,1,1,0,312,-512
0,1,1,0,313,-512
0,1,1,0,313,-512
0,1,1,0,312,-512
0,1,1,0,313,-512
0,1,1,0,311,-512
0,1,1,0,308,-512
0,1,1,0,312,-512
0,1,1,0,307,-512
0,1,1,0,305,-512
0,1,1,0,301,-512
0,1,1,0,299,-512
0,1,1,0,299,-512
0,1,1,0,299,-512
0,1,1,0,297,-512
0,1,1,0,292,-512
0,1,1,0,291,-512
0,1,1,0,289,-512
0,1,1,0,289,-512
0,1,1,0,289,-512
0,1,1,0,286,-512
0,1,1,0,286,-512
0,1,1,0,285,-512
0,1,1,0,283,-512
0,1,1,0,282,-512
0,1,1,0,279,-512
0,1,1,0,276,-512
0,1,1,0,276,-512
0,1,1,0,272,-512
0,1,1,0,270,-512
0,1,1,0,269,-512
0,1,1,0,264,-512
0,1,1,0,263,-512
0,1,1,0,258,-512
0,1,1,0,259,-512
0,1,1,0,254,-512
0,1,1,0,252,-512
0,1,1,0,248,-512
0,1,1,0,246,-512
0,1,1,0,242,-512
0,1,1,0,233,-512
0,1,1,0,231,-512
0,1,1,0,229,-512
0,1,1,0,226,-512
0,1,1,0,226,-512
0,1,1,0,224,-512
0,1,1,0,220,-512
0,1,1,0,219,-512
0,1,1,0,216,-512
0,1,1,0,215,-512
0,1,1,0,213,-512
0,1,1,0,209,-512
0,1,1,0,209,-512
0,1,1,0,208,-512
0,1,1,0,207,-512
0,1,1,0,203,-512
0,1,1,0,198,-512
0,1,1,0,197,-512
0,1,1,0,195,-512
0,1,1,0,194,-512
0,1,1,0,194,-512
0,1,1,0,191,-512
0,1,1,0,187,-512
0,1,1,0,186,-512
0,1,1,0,182,-512
0,1,1,0,182,-512
0,1,1,0,178,-512
0,1,1,0,176,-512
0,1,1,0,176,-512
0,1,1,0,175,-512
0,1,1,0,174,-512
0,1,1,0,171,-512
0,1,1,0,173,-512
0,1,1,0,172,-512
0,1,1,0,169,-512
0,1,1,0,167,-512
0,1,1,0,168,-512
0,1,1,0,167,-512
0,1,1,0,167,-512
0,1,1,0,167,-512
0,1,1,0,167,-512
0,1,1,0,166,-512
0,1,1,0,165,-512
0,1,1,0,166,-512
0,1,1,0,165,-512
0,1,1,0,164,-512
0,1,1,0,162,-512
0,1,1,0,162,-512
0,1,1,0,164,-512
0,1,1,0,162,-512
0,1,1,0,163,-512
0,1,1,0,164,-512
0,1,1,0,163,-512
0,1,1,0,162,-512
0,1,1,0,160,-512
0,1,1,0,163,-512
0,1,1,0,161,-512
0,1,1,0,163,-512
0,1,1,0,162,-512
0,1,1,0,161,-512
0,1,1,0,162,-512
0,1,1,0,164,-512
0,1,1,0,162,-512
0,1,1,0,161,-512
0,1,1,0,161,-512
0,1,1,0,162,-512
0,1,1,0,161,-512
0,1,1,0,161,-512
0,1,1,0,160,-512
0,1,1,0,160,-512
0,1,1,0,160,-512
0,1,1,0,160,-512
0,1,1,0,161,-512
0,1,1,0,161,-512
0,1,1,0,161,-512
0,1,1,0,162,-512
0,1,1,0,160,-512
0,1,1,0,161,-512
0,1,1,0,160,-512
0,1,1,0,160,-512
0,1,1,0,160,-512
0,1,1,0,160,-512
0,1,1,0,161,-512
0,1,1,0,161,-512
0,1,1,0,162,-512
0,1,1,0,160,-512
0,1,1,0,161,-512
0,1,1,0,161,-512
0,1,1,0,161,-512
0,1,1,0,161,-512
0,1,1,0,162,-512
0,1,1,0,161,-512
0,1,1,0,162,-512
0,1,1,0,162,-512
0,1,1,0,161,-512
0,1,1,0,161,-512
0,1,1,0,161,-512
0,1,1,0,160,-512
0,1,1,0,160,-512
0,1,1,0,160,-512
0,1,1,0,160,-512
0,1,1,0,161,-512
0,1,1,0,161,-512
0,1,1,0,161,-512
0,1,1,0,161,-512
0,1,1,0,161,-512
0,1,1,0,161,-512
0,1,1,0,160,-512
0,1,1,0,161,-512
0,1,1,0,158,-512
0,1,1,0,157,-512
0,1,1,0,155,-512
0,1,1,0,156,-512
0,1,1,0,157,-512
0,1,1,0,155,-512
0,1,1,0,153,-512
0,1,1,0,152,-512
0,1,1,0,152,-512
0,1,1,0,150,-512
0,1,1,0,147,-512
0,1,1,0,146,-512
0,1,1,0,146,-512
0,1,1,0,144,-512
0,1,1,0,145,-512
0,1,1,0,145,-512
0,1,1,0,141,-512
0,1,1,0,142,-512
0,1,1,0,141,-512
0,1,1,0,139,-512
0,1,1,0,139,-512
0,1,1,0,138,-512
0,1,1,0,138,-512
0,1,1,0,137,-512
0,1,1,0,134,-512
0,1,1,0,133,-512
0,1,1,0,134,-512
0,1,1,0,131,-512
0,1,1,0,131,-512
0,1,1,0,130,-512
0,1,1,0,130,-512
0,1,1,0,129,-512
0,1,1,0,127,-512
0,1,1,0,128,-512
0,1,1,0,128,-512
0,1,1,0,129,-512
0,1,1,0,128,-512
0,1,1,0,129,-512
0,1,1,0,127,-512
0,1,1,0,127,-512
0,1,1,0,127,-512
0,1,1,0,127,-512
0,1,1,0,126,-512
0,1,1,0,125,-512
0,1,1,0,125,-512
0,1,1,0,126,-512
0,1,1,0,127,-512
0,1,1,0,127,-512
0,1,1,0,125,-512
0,1,1,0,125,-512
0,1,1,0,124,-512
0,1,1,0,124,-512
0,1,1,0,123,-512
0,1,1,0,123,-512
0,1,1,0,125,-512
0,1,1,0,125,-512
0,1,1,0,125,-512
0,1,1,0,125,-512
0,1,1,0,125,-512
0,1,1,0,126,-512
0,1,1,0,125,-512
0,1,1,0,125,-512
0,1,1,0,126,-512
0,1,1,0,123,-512
0,1,1,0,124,-512
0,1,1,0,123,-512
0,1,1,0,122,-512
0,1,1,0,122,-512
0,1,1,0,122,-512
0,1,1,0,122,-512
0,1,1,0,121,-512
0,1,1,0,122,-512
0,1,1,0,121,-512
0,1,1,0,121,-512
0,1,1,0,120,-512
0,1,1,0,119,-512
0,1,1,0,120,-512
0,1,1,0,117,-512
0,1,1,0,117,-512
0,1,1,0,116,-512
0,1,1,0,115,-512
0,1,1,0,113,-512
0,1,1,0,110,-512
0,1,1,0,111,-512
0,1,1,0,109,-512
0,1,1,0,109,-512
0,1,1,0,109,-512
0,1,1,0,106,-512
0,1,1,0,104,-512
0,1,1,0,104,-512
0,1,1,0,104,-512
0,1,1,0,104,-512
0,1,1,0,103,-512
0,1,1,0,103,-512
0,1,1,0,103,-512
0,1,1,0,100,-512
0,1,0,0,101,-512
0,1,1,0,100,-512
0,1,1,0,102,-512
0,1,1,0,100,-512
0,1,0,0,101,-512
0,1,0,0,99,-512
0,1,0,0,98,-512
0,1,0,0,99,-512
0,1,0,0,97,-512
0,1,0,0,96,-512
0,1,0,0,97,-512
0,1,0,0,97,-512
0,1,0,0,96,-512
0,1,0,0,98,-512
0,1,0,0,96,-512
0,1,0,0,96,-512
0,1,0,0,96,-512
0,1,0,0,96,-512
0,1,0,0,93,-512
0,1,0,0,94,-512
0,1,0,0,93,-512
0,1,0,0,92,-512
0,1,0,0,93,-512
0,1,0,0,93,-512
0,1,0,0,91,-512
0,1,0,0,93,-512
0,1,0,0,90,-512
0,1,0,0,91,-512
0,1,0,0,91,-512
0,1,0,0,90,-512
0,1,0,0,90,-512
0,1,0,0,88,-512
0,1,0,0,87,-512
0,1,0,0,87,-512
0,1,0,0,88,-512
0,1,0,0,89,-512
0,1,0,0,87,-512
0,1,0,0,87,-512
0,1,0,0,86,-512
0,1,0,0,87,-512
0,1,0,0,85,-512
0,1,0,0,84,-512
0,1,0,0,84,-512
0,1,0,0,82,-512
0,1,0,0,81,-512
0,1,0,0,82,-512
0,1,0,0,79,-512
0,1,0,0,78,-512
0,1,0,0,78,-512
0,1,0,0,77,-512
0,1,0,0,78,-512
0,1,0,0,75,-512
0,1,0,0,75,-512
0,1,0,0,76,-512
0,1,0,0,74,-512
0,1,0,0,73,-512
0,1,0,0,71,-512
0,1,0,0,72,-512
0,1,0,0,71,-512
0,1,0,0,71,-512
0,1,0,0,68,-512
0,1,0,0,67,-512
0,1,0,0,67,-512
0,1,0,0,66,-512
0,1,0,0,67,-512
0,1,0,0,66,-512
0,1,0,0,66,-512
0,1,0,0,63,-512
0,1,0,0,58,-512
0,1,0,0,56,-512
0,1,0,0,55,-512
0,1,0,0,53,-512
0,1,0,0,48,-512
0,1,0,0,49,-512
0,1,0,0,45,-512
0,1,0,0,44,-512
0,1,0,0,42,-512
0,1,0,0,41,-512
0,1,0,0,36,-512
0,1,0,0,32,-512
0,1,0,0,30,-512
0,1,0,0,26,-512
0,1,0,0,24,-512
0,1,0,0,24,-512
0,1,0,0,23,-512
0,1,0,0,22,-512
0,1,0,0,19,-512
0,1,0,0,17,-512
0,1,0,0,13,-512
0,1,0,0,12,-512
0,1,0,0,12,-512
0,1,0,0,11,-512
0,1,0,0,7,-512
0,1,0,0,6,-512
0,1,0,0,5,-512
0,1,0,0,5,-512
0,1,0,0,4,-512
0,1,0,0,4,-512
0,1,0,0,5,-512
0,1,0,0,4,-512
0,1,0,0,4,-512
0,1,0,0,5,-512
0,1,0,0,4,-512
0,1,0,0,5,-512
0,1,0,0,4,-512
0,1,0,0,4,-512
0,1,0,0,3,-512
0,1,0,0,4,-512
0,1,0,0,3,-512
0,1,0,0,4,-512
0,1,0,0,3,-512
0,1,0,0,3,-512
0,1,0,0,3,-512
0,1,0,0,3,-512
0,1,0,0,3,-512
0,1,0,0,3,-512
0,1,0,0,3,-512
0,1,0,0,3,-512
0,1,0,0,3,-512
0,1,0,0,3,-512
0,1,0,0,3,-512
0,1,0,0,3,-512
0,1,0,0,3,-512
0,1,0,0,3,-512
0,1,0,0,3,-512
0,1,0,0,3,-512
0,1,0,0,3,-512
0,1,0,0,3,-512
0,1,0,0,3,-512
0,1,0,0,3,-512
0,1,0,0,3,-512
0,1,0,0,3,-512
0,1,0,0,3,-512
0,1,0,0,3,-512
0,1,0,0,3,-512
0,1,0,0,3,-512
0,1,0,0,3,-512
0,1,0,0,3,-512
0,1,0,0,3,-512
0,1,0,0,3,-512
0,1,0,0,3,-512
0,1,0,0,3,-512
0,1,0,0,3,-512
0,1,0,0,3,-512
0,1,0,0,3,-512
0,1,0,0,3,-512
0,1,0,0,3,-512
0,1,0,0,3,-512
0,1,0,0,3,-512
0,1,0,0,3,-512
0,1,0,0,3,-512
0,1,0,0,3,-512
0,1,0,0,3,-512
0,1,0,0,3,-512
0,1,0,0,3,-512
0,1,0,0,3,-512
0,1,0,0,3,-512
0,1,0,0,3,-512
0,1,0,0,3,-512
0,1,0,0,3,-512
0,1,0,0,3,-512
0,1,0,0,3,-512
0,1,0,0,3,-512
0,1,0,0,3,-512
0,1,0,0,3,-512
0,1,0,0,3,-512
0,1,0,0,3,-512
0,1,0,0,3,-512
0,1,0,0,3,-512
0,1,0,0,3,-512
0,1,0,0,3,-512
0,1,0,0,3,-512
0,1,0,0,3,-512
0,1,0,0,3,-512
0,1,0,0,3,-512
0,1,0,0,3,-512
0,1,0,0,3,-512
0,1,0,0,3,-512
0,1,0,0,3,-512
0,1,0,0,3,-512
0,1,0,0,3,-512
0,1,0,0,3,-512
0,1,0,0,3,-512
0,1,0,0,3,-512
0,1,0,0,3,-512
0,1,0,0,3,-512
0,1,0,0,3,-512
0,1,0,0,3,-512
0,1,0,0,3,-512
0,1,0,0,3,-512
0,1,0,0,3,-512
0,1,0,0,3,-512
0,1,0,0,3,-512
0,1,0,0,3,-512
0,1,0,0,3,-512
0,1,0,0,3,-512
0,1,0,0,3,-512
0,1,0,0,3,-512
0,1,0,0,3,-512
0,1,0,0,3,-512
0,1,0,0,3,-512
0,1,0,0,3,-512
0,1,0,0,3,-512
0,1,0,0,3,-512
0,1,0,0,3,-512
0,1,0,0,3,-512
0,1,0,0,3,-512
0,1,0,0,3,-512
0,1,0,0,3,-512
0,1,0,0,3,-512
0,1,0,0,3,-512
0,1,0,0,3,-512
0,1,0,0,3,-512
0,1,0,0,3,-512
0,1,0,0,3,-512
0,1,0,0,3,-512
0,1,0,0,3,-512
0,1,0,0,3,-512
0,1,0,0,3,-512
0,1,0,0,3,-512
0,1,0,0,3,-512
0,1,0,0,3,-512
0,1,0,0,3,-512
0,1,0,0,3,-512
0,1,0,0,3,-512
0,1,0,0,3,-512
0,1,0,0,3,-512
0,1,0,0,3,-512
0,1,0,0,3,-512
0,1,0,0,3,-512
0,1,0,0,3,-512
0,1,0,0,3,-512
0,1,0,0,3,-512
0,1,0,0,3,-512
0,1,0,0,3,-512
0,1,0,0,3,-512
0,1,0,0,3,-512
0,1,0,0,3,-512
0,1,0,0,3,-512
0,1,0,0,3,-512
0,1,0,0,3,-512
0,1,0,0,3,-512
0,1,0,0,3,-512
0,1,0,0,3,-512
0,1,0,0,3,-512
0,1,0,0,3,-512
0,1,0,0,3,-512
0,1,0,0,3,-512
0,1,0,0,3,-512
0,1,0,0,3,-512
0,1,0,0,3,-512
0,1,0,0,3,-512
0,1,0,0,3,-512
0,1,0,0,3,-512
0,1,0,0,3,-512
0,1,0,0,3,-512
0,1,0,0,3,-512
0,1,0,0,3,-512
0,1,0,0,3,-512
0,1,0,0,3,-512
0,1,0,0,3,-512
0,1,0,0,3,-512
0,1,0,0,3,-512
0,1,0,0,3,-512
0,1,0,0,3,-512
0,1,0,0,3,-512
0,1,0,0,3,-512
0,1,0,0,3,-512
0,1,0,0,3,-512
0,1,0,0,3,-512
0,1,0,0,3,-512
0,1,0,0,3,-512
0,1,0,0,3,-512
0,1,0,0,3,-512
0,1,0,0,3,-512
0,1,0,0,3,-512
0,1,0,0,3,-512
0,1,0,0,3,-512
0,1,0,0,3,-512
0,1,0,0,3,-512
0,1,0,0,3,-512
0,1,0,0,3,-512
0,1,0,0,3,-512
0,1,0,0,3,-512
0,1,0,0,3,-512
0,1,0,0,3,-512
0,1,0,0,3,-512
0,1,0,0,3,-512
0,1,0,0,3,-512
0,1,0,0,3,-512
0,1,0,0,3,-512
0,1,0,0,3,-512
0,1,0,0,3,-512
0,1,0,0,3,-512
0,1,0,0,3,-512
0,1,0,0,3,-512
0,1,0,0,3,-512
0,1,0,0,3,-512
0,1,0,0,3,-512
0,1,0,0,3,-512
0,1,0,0,3,-512
0,1,0,0,3,-512
0,1,0,0,3,-512
0,1,0,0,3,-512
0,1,0,0,3,-512
0,1,0,0,3,-512
0,1,0,0,3,-512
0,1,0,0,3,-512
0,1,0,0,3,-512
0,1,0,0,3,-512
0,1,0,0,3,-512
0,1,0,0,3,-512
0,1,0,0,3,-512
0,1,0,0,3,-512
0,1,0,0,3,-512
0,1,0,0,3,-512
0,1,0,0,3,-512
0,1,0,0,3,-512
0,1,0,0,3,-512
0,1,0,0,3,-512
0,1,0,0,3,-512
0,1,0,0,3,-512
0,1,0,0,3,-512
0,1,0,0,3,-512
0,1,0,0,3,-512
0,1,0,0,3,-512
0,1,0,0,3,-512
0,1,0,0,3,-512
0,1,0,0,3,-512
0,1,0,0,3,-512
0,1,0,0,3,-512
0,1,0,0,3,-512
0,1,0,0,3,-512
0,1,0,0,3,-512
0,1,0,0,3,-512
0,1,0,0,3,-512
0,1,0,0,3,-512
0,1,0,0,3,-512
0,1,0,0,3,-512
0,1,0,0,3,-512
0,1,0,0,3,-512
0,1,0,0,3,-512
0,1,0,0,3,-512
0,1,0,0,3,-512
0,1,0,0,3,-512
0,1,0,0,3,-512
0,1,0,0,3,-512
0,1,0,0,3,-512
0,1,0,0,3,-512
0,1,0,0,3,-512
0,1,0,0,3,-512
0,1,0,0,3,-512
0,1,0,0,3,-512
0,1,0,0,3,-512
0,1,0,0,3,-512
0,1,0,0,3,-512
0,1,0,0,3,-512
0,1,0,0,3,-512
0,1,0,0,3,-512
0,1,0,0,3,-512
0,1,0,0,3,-512
0,1,0,0,3,-512
0,1,0,0,3,-512
0,1,0,0,3,-512
0,1,0,0,3,-512
0,1,0,0,3,-512
0,1,0,0,3,-512
0,1,0,0,3,-512
0,1,0,0,3,-512
0,1,0,0,3,-512
0,1,0,0,3,-512
0,1,0,0,3,-512
0,1,0,0,3,-512
0,1,0,0,3,-512
0,1,0,0,3,-512
0,1,0,0,3,-512
0,1,0,0,3,-512
0,1,0,0,3,-512
0,1,0,0,3,-512
0,1,0,0,3,-512
0,1,0,0,3,-512
0,1,0,0,3,-512
0,1,0,0,3,-512
0,1,0,0,3,-512
0,1,0,0,3,-512
0,1,0,0,3,-512
0,1,0,0,3,-512
0,1,0,0,3,-512
0,1,0,0,3,-512
0,1,0,0,3,-512
0,1,0,0,3,-512
0,1,0,0,3,-512
0,1,0,0,3,-512
0,1,0,0,3,-512
0,1,0,0,3,-512
0,1,0,0,3,-512
0,1,0,0,3,-512
0,1,0,0,3,-512
0,1,0,0,3,-512
0,1,0,0,3,-512
0,1,0,0,3,-512
0,1,0,0,3,-512
0,1,0,0,3,-512
0,1,0,0,3,-512
0,1,0,0,3,-512
0,1,0,0,3,-512
0,1,0,0,3,-512
0,1,0,0,3,-512
0,1,0,0,3,-512
0,1,0,0,3,-512
0,1,0,0,3,-512
0,1,0,0,3,-512
0,1,0,0,3,-512
0,1,0,0,3,-512
0,1,0,0,3,-512
0,1,0,0,3,-512
0,1,0,0,3,-512
0,1,0,0,3,-512
0,1,0,0,3,-512
0,1,0,0,3,-512
0,1,0,0,3,-512
0,1,0,0,3,-512
0,1,0,0,3,-512
0,1,0,0,4,-512
0,1,0,0,7,-512
0,1,0,0,12,-512
0,1,0,0,13,-512
0,1,0,0,19,-512
0,1,0,0,35,-512
0,1,0,0,51,-512
0,1,0,0,56,-512
0,1,0,0,64,-512
0,1,0,0,70,-512
0,1,0,0,78,-512
0,1,0,0,89,-512
0,1,1,0,99,-512
0,1,1,0,104,-512
0,1,1,0,110,-512
0,1,1,0,114,-512
0,1,1,0,114,-512
0,1,1,0,118,-512
0,1,1,0,123,-512
0,1,1,0,130,-512
0,1,1,0,137,-512
0,1,1,0,139,-512
0,1,1,0,143,-512
0,1,1,0,143,-512
0,1,1,0,147,-512
0,1,1,0,150,-512
0,1,1,0,151,-512
0,1,1,0,153,-512
0,1,1,0,154,-512
0,1,1,0,156,-512
0,1,1,0,157,-512
0,1,1,0,157,-512
0,1,1,0,158,-512
0,1,1,0,158,-512
0,1,1,0,158,-512
0,1,1,0,159,-512
0,1,1,0,159,-512
0,1,1,0,160,-512
0,1,1,0,159,-512
0,1,1,0,160,-512
0,1,1,0,160,-512
0,1,1,0,160,-512
0,1,1,0,163,-512
0,1,1,0,162,-512
0,1,1,0,162,-512
0,1,1,0,162,-512
0,1,1,0,164,-512
0,1,1,0,162,-512
0,1,1,0,163,-512
0,1,1,0,163,-512
0,1,1,0,163,-512
0,1,1,0,163,-512
0,1,1,0,163,-512
0,1,1,0,162,-512
0,1,1,0,162,-512
0,1,1,0,162,-512
0,1,1,0,163,-512
0,1,1,0,162,-512
0,1,1,0,162,-512
0,1,1,0,163,-512
0,1,1,0,163,-512
0,1,1,0,162,-512
0,1,1,0,161,-512
0,1,1,0,161,-512
0,1,1,0,161,-512
0,1,1,0,160,-512
0,1,1,0,160,-512
0,1,1,0,160,-512
0,1,1,0,160,-512
0,1,1,0,160,-512
0,1,1,0,159,-512
0,1,1,0,159,-512
0,1,1,0,159,-512
0,1,1,0,159,-512
0,1,1,0,159,-512
0,1,1,0,159,-512
0,1,1,0,159,-512
0,1,1,0,159,-512
0,1,1,0,158,-512
0,1,1,0,158,-512
0,1,1,0,157,-512
0,1,1,0,157,-512
0,1,1,0,156,-512
0,1,1,0,156,-512
0,1,1,0,156,-512
0,1,1,0,155,-512
0,1,1,0,155,-512
0,1,1,0,154,-512
0,1,1,0,154,-512
0,1,1,0,153,-512
0,1,1,0,152,-512
0,1,1,0,151,-512
0,1,1,0,149,-512
0,1,1,0,148,-512
0,1,1,0,144,-512
0,1,1,0,143,-512
0,1,1,0,141,-512
0,1,1,0,140,-512
0,1,1,0,136,-512
0,1,1,0,132,-512
0,1,1,0,128,-512
0,1,1,0,117,-512
0,1,1,0,109,-512
0,1,0,0,100,-512
0,1,0,0,95,-512
0,1,0,0,90,-512
0,1,0,0,87,-512
0,1,0,0,86,-512
0,1,0,0,85,-512
0,1,0,0,81,-512
0,1,0,0,79,-512
0,1,0,0,78,-512
0,1,0,0,73,-512
0,1,0,0,70,-512
0,1,0,0,71,-512
0,1,0,0,67,-512
0,1,0,0,67,-512
0,1,0,0,67,-512
0,1,0,0,65,-512
0,1,0,0,63,-512
0,1,0,0,64,-512
0,1,0,0,60,-512
0,1,0,0,56,-512
0,1,0,0,53,-512
0,1,0,0,50,-512
0,1,0,0,45,-512
0,1,0,0,43,-512
0,1,0,0,37,-512
0,1,0,0,31,-512
0,1,0,0,26,-512
0,1,0,0,23,-512
0,1,0,0,20,-512
0,1,0,0,17,-512
0,1,0,0,16,-512
0,1,0,0,14,-512
0,1,0,0,11,-512
0,1,0,0,5,-512
0,1,0,0,5,-512
0,1,0,0,7,-512
0,1,0,0,6,-512
0,1,0,0,4,-512
0,1,0,0,5,-512
0,1,0,0,4,-512
0,1,0,0,3,-512
0,1,0,0,4,-512
0,1,0,0,3,-512
0,1,0,0,3,-512
0,1,0,0,3,-512
0,1,0,0,3,-512
0,1,0,0,3,-512
0,1,0,0,3,-512
0,1,0,0,3,-512
0,1,0,0,3,-512
0,1,0,0,3,-512
0,1,0,0,3,-512
0,1,0,0,3,-512
0,1,0,0,3,-512
0,1,0,0,3,-512
0,1,0,0,3,-512
0,1,0,0,3,-512
0,1,0,0,3,-512
0,1,0,0,3,-512
0,1,0,0,3,-512
0,1,0,0,3,-512
0,1,0,0,3,-512
0,1,0,0,3,-512
0,1,0,0,3,-512
0,1,0,0,3,-512
0,1,0,0,3,-512
0,1,0,0,3,-512
0,1,0,0,3,-512
0,1,0,0,3,-512
0,1,0,0,3,-512
0,1,0,0,3,-512
0,1,0,0,3,-512
0,1,0,0,3,-512
0,1,0,0,3,-512
0,1,0,0,3,-512
0,1,0,0,3,-512
0,1,0,0,3,-512
0,1,0,0,3,-512
0,1,0,0,3,-512
0,1,0,0,3,-512
0,1,0,0,3,-512
0,1,0,0,3,-512
0,1,0,0,3,-512
0,1,0,0,3,-512
0,1,0,0,3,-512
0,1,0,0,3,-512
0,1,0,0,3,-512
0,1,0,0,3,-512
0,1,0,0,3,-512
0,1,0,0,3,-512
0,1,0,0,3,-512
0,1,0,0,3,-512
0,1,0,0,3,-512
0,1,0,0,3,-512
0,1,0,0,3,-512
0,1,0,0,3,-512
0,1,0,0,3,-512
0,1,0,0,3,-512
0,1,0,0,3,-512
0,1,0,0,3,-512
0,1,0,0,3,-512
0,1,0,0,3,-512
0,1,0,0,3,-512
0,1,0,0,3,-512
0,1,0,0,3,-512
0,1,0,0,3,-512
0,1,0,0,3,-512
0,1,0,0,3,-512
0,1,0,0,3,-512
0,1,0,0,3,-512
0,1,0,0,3,-512
0,1,0,0,3,-512
0,1,0,0,3,-512
0,1,0,0,3,-512
0,1,0,0,3,-512
0,1,0,0,3,-512
0,1,0,0,3,-512
0,1,0,0,3,-512
0,1,0,0,3,-512
0,1,0,0,3,-512
0,1,0,0,3,-512
0,1,0,0,3,-512
0,1,0,0,3,-512
0,1,0,0,3,-512
0,1,0,0,3,-512
0,1,0,0,3,-512
0,1,0,0,3,-512
0,1,0,0,3,-512
0,1,0,0,3,-512
0,1,0,0,3,-512
0,1,0,0,3,-512
0,1,0,0,3,-512
0,1,0,0,3,-512
0,1,0,0,3,-512
0,1,0,0,3,-512
0,1,0,0,3,-512
0,1,0,0,3,-512
0,1,0,0,3,-512
0,1,0,0,3,-512
0,1,0,0,3,-512
0,1,0,0,3,-512
0,1,0,0,3,-512
0,1,0,0,3,-512
0,1,0,0,3,-512
0,1,0,0,3,-512
0,1,0,0,3,-512
0,1,0,0,3,-512
0,1,0,0,3,-512
0,1,0,0,3,-512
0,1,0,0,3,-512
0,1,0,0,3,-512
0,1,0,0,3,-512
0,1,0,0,3,-512
0,1,0,0,3,-512
0,1,0,0,3,-512
0,1,0,0,3,-512
0,1,0,0,3,-512
0,1,0,0,3,-512
0,1,0,0,3,-512
0,1,0,0,3,-512
0,1,0,0,3,-512
0,1,0,0,3,-512
0,1,0,0,3,-512
0,1,0,0,3,-512
0,1,0,0,3,-512
0,1,0,0,3,-512
0,1,0,0,3,-512
0,1,0,0,3,-512
0,1,0,0,3,-512
0,1,0,0,3,-512
0,1,0,0,3,-512
0,1,0,0,3,-512
0,1,0,0,3,-512
0,1,0,0,3,-512
0,1,0,0,3,-512
0,1,0,0,3,-512
0,1,0,0,3,-512
0,1,0,0,3,-512
0,1,0,0,3,-512
0,1,0,0,3,-512
0,1,0,0,3,-512
0,1,0,0,3,-512
0,1,0,0,3,-512
0,1,0,0,3,-512
0,1,0,0,3,-512
0,1,0,0,3,-512
0,1,0,0,3,-512
0,1,0,0,3,-512
0,1,0,0,3,-512
0,1,0,0,3,-512
0,1,0,0,3,-512
0,1,0,0,3,-512
0,1,0,0,3,-512
0,1,0,0,3,-512
0,1,0,0,3,-512
0,1,0,0,3,-512
0,1,0,0,3,-512
0,1,0,0,3,-512
0,1,0,0,3,-512
0,1,0,0,3,-512
0,1,0,0,3,-512
0,1,0,0,3,-512
0,1,0,0,3,-512
0,1,0,0,3,-512
0,1,0,0,3,-512
0,1,0,0,3,-512
0,1,0,0,3,-512
0,1,0,0,3,-512
0,1,0,0,3,-512
0,1,0,0,3,-512
0,1,0,0,3,-512
0,1,0,0,3,-512
0,1,0,0,3,-512
0,1,0,0,3,-512
0,1,0,0,3,-512
0,1,0,0,3,-512
0,1,0,0,3,-512
0,1,0,0,3,-512
0,1,0,0,3,-512
0,1,0,0,3,-512
0,1,0,0,3,-512
0,1,0,0,3,-512
0,1,0,0,3,-512
0,1,0,0,3,-512
0,1,0,0,3,-512
0,1,0,0,3,-512
0,1,0,0,3,-512
0,1,0,0,3,-512
0,1,0,0,3,-512
0,1,0,0,3,-512
0,1,0,0,3,-512
0,1,0,0,3,-512
0,1,0,0,3,-512
0,1,0,0,3,-512
0,1,0,0,3,-512
0,1,0,0,3,-512
0,1,0,0,3,-512
0,1,0,0,3,-512
0,1,0,0,3,-512
0,1,0,0,3,-512
0,1,0,0,3,-512
0,1,0,0,3,-512
0,1,0,0,3,-512
0,1,0,0,3,-512
0,1,0,0,3,-512
0,1,0,0,3,-512
0,1,0,0,3,-512
0,1,0,0,3,-512
0,1,0,0,3,-512
0,1,0,0,3,-512
0,1,0,0,3,-512
0,1,0,0,3,-512
0,1,0,0,3,-512
0,1,0,0,3,-512
0,1,0,0,3,-512
0,1,0,0,3,-512
0,1,0,0,3,-512
0,1,0,0,3,-512
0,1,0,0,3,-512
0,1,0,0,3,-512
0,1,0,0,3,-512
0,1,0,0,3,-512
0,1,0,0,3,-512
0,1,0,0,3,-512
0,1,0,0,3,-512
0,1,0,0,3,-512
0,1,0,0,3,-512
0,1,0,0,3,-512
0,1,0,0,3,-512
0,1,0,0,3,-512
0,1,0,0,3,-512
0,1,0,0,3,-512
0,1,0,0,3,-512
0,1,0,0,3,-512
0,1,0,0,3,-512
0,1,0,0,3,-512
0,1,0,0,3,-512
0,1,0,0,3,-512
0,1,0,0,3,-512
0,1,0,0,3,-512
0,1,0,0,3,-512
0,1,0,0,3,-512
0,1,0,0,3,-512
0,1,0,0,3,-512
0,1,0,0,3,-512
0,1,0,0,3,-512
0,1,0,0,3,-512
0,1,0,0,3,-512
0,1,0,0,3,-512
0,1,0,0,3,-512
0,1,0,0,3,-512
0,1,0,0,3,-512
0,1,0,0,3,-512
0,1,0,0,3,-512
0,1,0,0,3,-512
0,1,0,0,3,-512
0,1,0,0,3,-512
0,1,0,0,3,-512
0,1,0,0,3,-512
0,1,0,0,3,-512
0,1,0,0,3,-512
0,1,0,0,3,-512
0,1,0,0,3,-512
0,1,0,0,3,-512
0,1,0,0,3,-512
0,1,0,0,3,-512
0,1,0,0,3,-512
0,1,0,0,3,-512
0,1,0,0,3,-512
0,1,0,0,3,-512
0,1,0,0,3,-512
0,1,0,0,3,-512
0,1,0,0,3,-512
0,1,0,0,3,-512
0,1,0,0,3,-512
0,1,0,0,3,-512
0,1,0,0,3,-512
0,1,0,0,3,-512
0,1,0,0,3,-512
0,1,0,0,3,-512
0,1,0,0,3,-512
0,1,0,0,3,-512
0,1,0,0,3,-512
0,1,0,0,3,-512
0,1,0,0,3,-512
0,1,0,0,3,-512
0,1,0,0,3,-512
0,1,0,0,3,-512
0,1,0,0,3,-512
0,1,0,0,3,-512
0,1,0,0,3,-512
0,1,0,0,3,-512
0,1,0,0,3,-512
0,1,0,0,3,-512
0,1,0,0,3,-512
0,1,0,0,3,-512
0,1,0,0,3,-512
0,1,0,0,3,-512
0,1,0,0,3,-512
0,1,0,0,3,-512
0,1,0,0,3,-512
0,1,0,0,3,-512
0,1,0,0,3,-512
0,1,0,0,3,-512
0,1,0,0,3,-512
0,1,0,0,3,-512
0,1,0,0,3,-512
0,1,0,0,3,-512
0,1,0,0,3,-512
0,1,0,0,3,-512
0,1,0,0,3,-512
0,1,0,0,3,-512
0,1,0,0,3,-512
0,1,0,0,3,-512
0,1,0,0,3,-512
0,1,0,0,3,-512
0,1,0,0,3,-512
0,1,0,0,3,-512
0,1,0,0,3,-512
0,1,0,0,3,-512
0,1,0,0,3,-512
0,1,0,0,3,-512
0,1,0,0,3,-512
0,1,0,0,3,-512
0,1,0,0,3,-512
0,1,0,0,3,-512
0,1,0,0,3,-512
0,1,0,0,3,-512
0,1,0,0,3,-512
0,1,0,0,3,-512
0,1,0,0,3,-512
0,1,0,0,3,-512
0,1,0,0,3,-512
0,1,0,0,3,-512
0,1,0,0,3,-512
0,1,0,0,3,-512
0,1,0,0,3,-512
0,1,0,0,3,-512
0,1,0,0,3,-512
0,1,0,0,3,-512
0,1,0,0,3,-512
0,1,0,0,3,-512
0,1,0,0,3,-512
0,1,0,0,3,-512
0,1,0,0,3,-512
0,1,0,0,3,-512
0,1,0,0,3,-512
0,1,0,0,3,-512
0,1,0,0,3,-512
0,1,0,0,3,-512
0,1,0,0,3,-512
0,1,0,0,3,-512
0,1,0,0,3,-512
0,1,0,0,3,-512
0,1,0,0,3,-512
0,1,0,0,3,-512
0,1,0,0,3,-512
0,1,0,0,3,-512
0,1,0,0,3,-512
0,1,0,0,3,-512
0,1,0,0,3,-512
0,1,0,0,3,-512
0,1,0,0,3,-512
,,,,,
,,,,,
Arduino now in Stasis,,,,,
Ready to run wrapper program,,,,,
